Workbook
Name dd_empodesc: [1]!EmplomentType[EMPLOYMENTTYPE]
Name dd_resdesc: [1]!ResidentialStatus[RESIDENTIALSTATUS]

Sheet SALARY
A1: PAYROLL STATEMENT FOR THE MONTH OF DECEMBER 2025
A3: S.NO | B3: EMPL.NO | C3: EMPLOYEE NAME | D3: Attendance | E3: BASIC | F3: HRA | G3: MEDICAL | H3: RESPONSIBILITY | I3: FUEL | J3: FOOD | K3: FOOD | L3: OT HOURS | M3: OVERTIME ON | N3: OT HOURS | O3: OVERTIME ON | P3: OT HOURS | Q3: OVERTIME ON | R3: NIGHT DUTY | S3: NIGHT | T3: GROSS | U3: ZSSF @ 7% | V3: TAXABLE INCOME | W3: PAYE | X3: ZHSF @ 3.5% | Y3: ADDVANCE | Z3: COTWU | AA3: FOOD | AB3: TOTAL | AC3: NET
H4: ALLOWANCE | J4: COUPONS | K4: ALLOWANCE | L4: @ 1.25 | M4: NORMAL DAYS | N4: @ 1.50 | O4: WEEKENDS | P4: @ 2.00 | Q4: HOLIDAYS | R4: HRS | S4: ALLOWANCE | T4: SALARY | AA4: COUPONS | AB4: DEDUCTION | AC4: SALARY
A5: 1 | B5: 20150701009 | C5: Said Ahmed Ibrahim | D5: 18 | E5: 462000 | F5: 140000 | G5: 98000 | H5: 100000 | I5: 0 | L5: 2.25 | M5: =ROUND((((E5/30)/8)*2*L5),0) -> 8663 | N5: 5 | O5: =ROUND((((E5/30)/8)*2*N5),0) -> 19250 | P5: 7.5 | Q5: =ROUND((((E5/30)/8*2.5)*P5),0) -> 36094 | R5: 6.75 | S5: =ROUND(((((E5/30)/8)*5%)*R5),0) -> 650 | T5: =E5+F5+G5+H5+I5+K5+M5+O5+Q5+S5 -> 864657 | U5: =ROUND(E5*7%,0) -> 32340 | V5: =T5-(U5+X5) -> 816147 | W5: =ROUND(IF(V5<270001,0,IF(V5>270000,IF(V5<520001,(V5-270000)*8%,IF(V5>520000,IF(V5<760001,((V5-520000)*20%+20000),IF(V5>760000,IF(V5<1000001,((V5-760000)*25%+68000),(V5-1000000)*30%+128000))))))),0) -> 82037 | X5: =E5*3.5% -> 16170 | Y5: 0 | AA5: =K5 -> 0 | AB5: =U5+W5+X5+Y5+Z5+AA5 -> 130547 | AC5: =T5-AB5 -> 734110
A6: 2 | B6: 20150701014 | C6: Shaaban Said Khamis | D6: 19 | E6: 594000 | F6: 180000 | G6: 126000 | H6: 0 | I6: 14000 | L6: 5.5 | M6: =ROUND((((E6/30)/8)*2*L6),0) -> 27225 | N6: 0 | O6: =ROUND((((E6/30)/8)*2*N6),0) -> 0 | P6: 6.25 | Q6: =ROUND((((E6/30)/8*2.5)*P6),0) -> 38672 | R6: 5 | S6: =ROUND(((((E6/30)/8)*5%)*R6),0) -> 619 | T6: =E6+F6+G6+H6+I6+K6+M6+O6+Q6+S6 -> 980516 | U6: =ROUND(E6*7%,0) -> 41580 | V6: =T6-(U6+X6) -> 918146 | W6: =ROUND(IF(V6<270001,0,IF(V6>270000,IF(V6<520001,(V6-270000)*8%,IF(V6>520000,IF(V6<760001,((V6-520000)*20%+20000),IF(V6>760000,IF(V6<1000001,((V6-760000)*25%+68000),(V6-1000000)*30%+128000))))))),0) -> 107537 | X6: =E6*3.5% -> 20790 | Y6: 0 | AA6: =K6 -> 0 | AB6: =U6+W6+X6+Y6+Z6+AA6 -> 169907 | AC6: =T6-AB6 -> 810609
A7: 3 | B7: 20150702029 | C7: Silima Makame Haji | D7: 12 | E7: 462000 | F7: 140000 | G7: 98000 | H7: 0 | I7: 0 | L7: 7.75 | M7: =ROUND((((E7/30)/8)*2*L7),0) -> 29838 | N7: 2.5 | O7: =ROUND((((E7/30)/8)*2*N7),0) -> 9625 | P7: 4.25 | Q7: =ROUND((((E7/30)/8*2.5)*P7),0) -> 20453 | R7: 0 | S7: =ROUND(((((E7/30)/8)*5%)*R7),0) -> 0 | T7: =E7+F7+G7+H7+I7+K7+M7+O7+Q7+S7 -> 759916 | U7: =ROUND(E7*7%,0) -> 32340 | V7: =T7-(U7+X7) -> 711406 | W7: =ROUND(IF(V7<270001,0,IF(V7>270000,IF(V7<520001,(V7-270000)*8%,IF(V7>520000,IF(V7<760001,((V7-520000)*20%+20000),IF(V7>760000,IF(V7<1000001,((V7-760000)*25%+68000),(V7-1000000)*30%+128000))))))),0) -> 58281 | X7: =E7*3.5% -> 16170 | Y7: 200000 | Z7: 9240 | AA7: =K7 -> 0 | AB7: =U7+W7+X7+Y7+Z7+AA7 -> 316031 | AC7: =T7-AB7 -> 443885
D9: =SUM(D5:D8) -> 49 | E9: =SUM(E5:E8) -> 1518000 | F9: =SUM(F5:F8) -> 460000 | G9: =SUM(G5:G8) -> 322000 | H9: =SUM(H5:H8) -> 100000 | I9: =SUM(I5:I8) -> 14000 | J9: =SUM(J5:J8) -> 0 | K9: =SUM(K5:K8) -> 0 | ... AC9: =SUM(AC5:AC8) -> 1988604

Sheet PAYE
A1: TRANSWORLD AVIATION LIMITED
A2: TIN: 125-421-555
A3: PAYE AND SDL
A4: 45992
A5: S.NO | B5: EMPLOYEE NAME | C5: TAXABLE INCOME | D5: PAYE | E5: GROSS SALARY | F5: SDL | I5: basic | J5: allw | K5: deduction | L5: tin # | M5: zssf # | O5: NAME | P5: ZSSF | Q5: ZHSF
A6: 1 | B6: Said Ahmed Ibrahim | C6: =VLOOKUP(H6,SALARY!B5:V8,21,FALSE) -> 816147 | D6: =ROUND(IF(C6<270001,0,IF(C6>270000,IF(C6<520001,(C6-270000)*8%,IF(C6>520000,IF(C6<760001,((C6-520000)*20%+20000),IF(C6>760000,IF(C6<1000001,((C6-760000)*25%+68000),(C6-1000000)*30%+128000))))))),0) -> 82037 | E6: =VLOOKUP(H6,SALARY!B5:T8,19,FALSE) -> 864657 | F6: =ROUND(E6*4%,0) -> 34586 | H6: 20150701009 | I6: =VLOOKUP(H6,SALARY!B5:E8,4,FALSE) -> 462000 | J6: =E6-I6 -> 402657 | K6: =P6+Q6 -> 48510 | L6: 151925235 | M6: 32512 | O6: Said Ahmed Ibrahim | P6: =VLOOKUP(H6,SALARY!B5:U8,20,FALSE) -> 32340 | Q6: =VLOOKUP(H6,SALARY!B5:X8,23,FALSE) -> 16170
A7: 2 | B7: Shaaban Said Khamis | C7: =VLOOKUP(H7,SALARY!B6:V9,21,FALSE) -> 918146 | D7: =ROUND(IF(C7<270001,0,IF(C7>270000,IF(C7<520001,(C7-270000)*8%,IF(C7>520000,IF(C7<760001,((C7-520000)*20%+20000),IF(C7>760000,IF(C7<1000001,((C7-760000)*25%+68000),(C7-1000000)*30%+128000))))))),0) -> 107537 | E7: =VLOOKUP(H7,SALARY!B6:T9,19,FALSE) -> 980516 | F7: =ROUND(E7*4%,0) -> 39221 | H7: 20150701014 | I7: =VLOOKUP(H7,SALARY!B6:E9,4,FALSE) -> 594000 | J7: =E7-I7 -> 386516 | K7: =P7+Q7 -> 62370 | L7: 148576408 | M7: 38347 | O7: Shaaban Said Khamis | P7: =VLOOKUP(H7,SALARY!B6:U9,20,FALSE) -> 41580 | Q7: =VLOOKUP(H7,SALARY!B6:X9,23,FALSE) -> 20790
A8: 3 | B8: Silima Makame Haji | C8: =VLOOKUP(H8,SALARY!B7:V10,21,FALSE) -> 711406 | D8: =ROUND(IF(C8<270001,0,IF(C8>270000,IF(C8<520001,(C8-270000)*8%,IF(C8>520000,IF(C8<760001,((C8-520000)*20%+20000),IF(C8>760000,IF(C8<1000001,((C8-760000)*25%+68000),(C8-1000000)*30%+128000))))))),0) -> 58281 | E8: =VLOOKUP(H8,SALARY!B7:T10,19,FALSE) -> 759916 | F8: =ROUND(E8*4%,0) -> 30397 | H8: 20150702029 | I8: =VLOOKUP(H8,SALARY!B7:E10,4,FALSE) -> 462000 | J8: =E8-I8 -> 297916 | K8: =P8+Q8 -> 48510 | L8: 148178070 | M8: 70352 | O8: Silima Makame Haji | P8: =VLOOKUP(H8,SALARY!B7:U10,20,FALSE) -> 32340 | Q8: =VLOOKUP(H8,SALARY!B7:X10,23,FALSE) -> 16170
P9: =SUM(P6:P8) -> 106260 | Q9: =SUM(Q6:Q8) -> 53130
C10: =SUM(C6:C9) -> 2445699 | D10: =SUM(D6:D9) -> 247855 | E10: =SUM(E6:E9) -> 2605089 | F10: =SUM(F6:F9) -> 104204 | I10: =SUM(I6:I9) -> 1518000 | J10: =SUM(J6:J9) -> 1087089 | K10: =SUM(K6:K9) -> 159390
I14: =I10+J10 -> 2605089 | L14: =I14-E10 -> 0
I15: =I14-K10 -> 2445699 | L15: =I15-C10 -> 0

Sheet ZSSF
A1: ZANZIBAR SOCIAL SECURITY FUND
A2: CONTRIBUTION RETURN FORM
A4: TRANSWORLD AVIATION LIMITED | E4: REGISTRATION NO. | G4: 1322
A6: CONTRIBUTION FOR THE MONTH OF : | D6: 45992
A7: S.NO | B7: ZSSF NO | C7: EMPLOYEE NAME | D7: SALARY | E7: ZSSF @ 7% | F7: ZSSF @ 14% | G7: @ 21% | H7: REMARKS
A8: 1 | B8: 32512 | C8: Said Ahmed Ibrahim | D8: 462000 | E8: =ROUND(SUM(D8*7%),0) -> 32340 | F8: =ROUND((D8*14%),0) -> 64680 | G8: =E8+F8 -> 97020
A9: 2 | B9: 38347 | C9: Shaaban Said Khamis | D9: 594000 | E9: =ROUND(SUM(D9*7%),0) -> 41580 | F9: =ROUND((D9*14%),0) -> 83160 | G9: =E9+F9 -> 124740
A10: 3 | B10: 70352 | C10: Silima Makame Haji | D10: 462000 | E10: =ROUND(SUM(D10*7%),0) -> 32340 | F10: =ROUND((D10*14%),0) -> 64680 | G10: =E10+F10 -> 97020
D12: =SUM(D8:D11) -> 1518000 | E12: =SUM(E8:E11) -> 106260 | F12: =SUM(F8:F11) -> 212520 | G12: =SUM(G8:G11) -> 318780

Sheet ZHSF
A1: ZHSF
A2: 45992
B3: EMPL.NO | C3: EMPLOYEE NAME | D3: SALARY | E3: EMPLOYEE 3.5% | F3: TWA 3.5% | G3: TOTAL
A5: 1 | B5: 20150701009 | C5: Said Ahmed Ibrahim | D5: 462000 | E5: =D5*3.5% -> 16170 | F5: =D5*3.5% -> 16170 | G5: =E5+F5 -> 32340
A6: 2 | B6: 20150701014 | C6: Shaaban Said Khamis | D6: 594000 | E6: =D6*3.5% -> 20790 | F6: =D6*3.5% -> 20790 | G6: =E6+F6 -> 41580
A7: 3 | B7: 20150702029 | C7: Silima Makame Haji | D7: 462000 | E7: =D7*3.5% -> 16170 | F7: =D7*3.5% -> 16170 | G7: =E7+F7 -> 32340
D9: =SUM(D5:D8) -> 1518000 | E9: =SUM(E5:E8) -> 53130 | F9: =SUM(F5:F8) -> 53130 | G9: =SUM(G5:G8) -> 106260
